review_id,product_id,customer_id,rating,review_date,review_text
1,257,451,2,2022-01-06,Not satisfied
2,476,969,2,2020-01-03,Good product
3,308,819,1,2018-05-04,Worth the price
4,314,191,2,2018-07-04,Worth the price
5,360,186,5,2019-08-24,Worth the price
6,390,611,3,2020-06-22,Excellent
7,113,786,5,2020-09-19,Not satisfied
8,154,316,3,2020-01-29,Excellent
9,66,531,2,2020-12-11,Good product
10,483,771,4,2021-05-24,Average
11,4,573,1,2022-05-08,Excellent
12,462,665,5,2022-05-28,Worth the price
13,275,798,2,2022-07-12,Excellent
14,230,979,5,2022-02-05,Good product
15,362,253,5,2019-09-04,Worth the price
16,50,946,4,2019-08-16,Good product
17,266,983,5,2022-12-21,Average
18,423,88,1,2018-09-25,Not satisfied
19,274,43,2,2020-12-27,Good product
20,440,934,3,2020-03-18,Average
21,419,622,2,2022-01-27,Not satisfied
22,352,456,2,2021-01-30,Average
23,265,117,1,2019-09-25,Average
24,383,591,4,2019-01-30,Excellent
25,419,247,4,2022-02-03,Worth the price
26,245,707,4,2022-02-16,Not satisfied
27,498,479,1,2021-03-17,Average
28,277,822,2,2022-10-11,Average
29,74,223,5,2019-07-26,Worth the price
30,223,557,1,2021-05-17,Worth the price
31,131,63,3,2018-05-02,Excellent
32,437,837,3,2019-10-05,Excellent
33,6,604,2,2022-01-15,Good product
34,155,498,3,2021-01-22,Average
35,193,92,1,2021-02-06,Average
36,282,106,4,2022-11-04,Average
37,91,317,1,2022-11-30,Not satisfied
38,73,505,5,2021-10-07,Excellent
39,179,584,4,2019-09-24,Worth the price
40,185,7,2,2022-03-06,Good product
41,134,503,4,2021-02-12,Excellent
42,361,818,1,2022-07-24,Good product
43,293,221,4,2019-07-29,Excellent
44,494,714,3,2018-10-17,Excellent
45,98,653,3,2021-03-18,Not satisfied
46,271,317,2,2019-02-08,Not satisfied
47,382,479,4,2019-12-23,Good product
48,368,940,2,2021-07-03,Average
49,318,295,5,2018-07-29,Excellent
50,34,617,1,2018-01-28,Not satisfied
51,310,47,4,2019-10-22,Worth the price
52,454,928,5,2018-06-23,Good product
53,196,288,1,2022-01-23,Not satisfied
54,367,965,2,2020-10-14,Worth the price
55,260,72,4,2021-08-21,Worth the price
56,132,932,3,2020-02-05,Not satisfied
57,405,776,4,2019-04-27,Worth the price
58,475,108,1,2018-01-27,Not satisfied
59,289,281,5,2021-03-30,Not satisfied
60,253,416,3,2021-02-20,Excellent
61,148,405,2,2019-02-15,Good product
62,110,109,2,2018-07-11,Good product
63,8,870,2,2020-03-24,Excellent
64,109,735,2,2021-06-28,Not satisfied
65,126,927,1,2020-03-30,Worth the price
66,407,149,4,2021-08-18,Not satisfied
67,423,819,1,2022-10-11,Worth the price
68,370,225,5,2021-07-19,Excellent
69,357,221,5,2018-06-07,Worth the price
70,299,83,4,2019-03-26,Excellent
71,46,186,3,2018-07-24,Good product
72,250,755,5,2021-04-06,Excellent
73,432,282,1,2019-08-17,Not satisfied
74,285,907,1,2021-07-31,Average
75,465,899,4,2018-01-05,Worth the price
76,216,436,2,2022-12-14,Excellent
77,303,251,2,2020-05-01,Excellent
78,316,919,2,2022-07-19,Worth the price
79,190,276,2,2020-12-23,Good product
80,118,298,1,2019-07-06,Not satisfied
81,351,937,1,2019-04-17,Good product
82,396,900,1,2023-01-01,Good product
83,271,223,5,2022-08-13,Not satisfied
84,361,593,3,2020-03-09,Not satisfied
85,29,417,5,2021-10-05,Good product
86,395,905,4,2019-01-18,Average
87,135,757,5,2018-11-17,Excellent
88,145,856,2,2021-03-17,Good product
89,182,858,5,2020-02-20,Average
90,212,900,4,2021-03-02,Worth the price
91,253,669,2,2021-05-19,Good product
92,231,978,4,2020-05-07,Excellent
93,489,646,2,2021-04-03,Good product
94,79,771,3,2018-09-11,Average
95,185,977,3,2018-11-08,Excellent
96,11,26,2,2021-09-29,Not satisfied
97,452,322,2,2020-01-18,Average
98,427,412,3,2022-10-14,Not satisfied
99,379,264,2,2019-01-30,Average
100,452,3,2,2021-11-09,Good product
101,494,271,4,2019-06-17,Not satisfied
102,102,250,1,2022-11-26,Not satisfied
103,17,187,3,2022-08-26,Good product
104,411,382,1,2021-03-04,Excellent
105,30,355,5,2018-07-05,Average
106,406,266,5,2021-09-11,Good product
107,373,792,2,2021-05-01,Not satisfied
108,309,69,5,2020-04-03,Worth the price
109,446,883,3,2020-05-13,Worth the price
110,373,945,1,2022-08-11,Worth the price
111,323,558,1,2020-04-05,Average
112,141,921,1,2020-05-29,Not satisfied
113,440,845,3,2022-11-13,Worth the price
114,454,672,5,2021-03-30,Average
115,134,813,2,2019-06-23,Good product
116,329,468,4,2020-08-23,Not satisfied
117,307,360,4,2018-10-19,Worth the price
118,301,615,2,2019-12-11,Good product
119,264,880,1,2019-06-29,Good product
120,359,43,2,2018-02-27,Good product
121,343,54,1,2021-11-24,Worth the price
122,448,311,3,2019-11-07,Good product
123,436,759,1,2021-02-22,Worth the price
124,455,845,2,2020-04-29,Good product
125,225,355,3,2019-07-15,Excellent
126,378,623,3,2021-04-02,Worth the price
127,494,414,3,2020-07-28,Average
128,467,197,2,2022-11-24,Excellent
129,354,938,4,2019-09-02,Average
130,216,904,5,2019-02-11,Good product
131,338,911,4,2022-10-01,Not satisfied
132,25,561,3,2021-06-15,Excellent
133,168,676,2,2020-03-13,Worth the price
134,75,839,4,2018-06-05,Good product
135,156,636,2,2019-02-02,Worth the price
136,239,888,5,2020-06-26,Excellent
137,384,710,5,2019-07-24,Average
138,174,399,4,2019-01-24,Excellent
139,198,727,4,2019-04-30,Excellent
140,120,531,2,2019-01-17,Good product
141,208,806,3,2019-03-08,Average
142,230,669,3,2018-09-16,Good product
143,33,718,4,2020-10-04,Excellent
144,299,623,2,2019-11-20,Excellent
145,110,684,2,2019-10-22,Worth the price
146,235,887,2,2021-12-26,Not satisfied
147,462,602,4,2018-10-18,Excellent
148,135,982,5,2018-08-19,Average
149,174,254,3,2021-01-27,Average
150,84,871,2,2022-04-03,Worth the price
151,473,377,1,2018-07-31,Not satisfied
152,403,480,2,2021-08-20,Good product
153,465,858,3,2019-02-19,Good product
154,3,352,1,2022-02-18,Not satisfied
155,411,383,1,2021-10-07,Good product
156,46,996,3,2018-01-01,Excellent
157,203,291,3,2021-02-13,Excellent
158,475,598,5,2022-04-16,Worth the price
159,444,711,3,2021-12-13,Average
160,379,602,3,2019-12-16,Excellent
161,328,536,1,2021-02-05,Good product
162,17,703,3,2022-11-04,Average
163,366,28,5,2020-09-09,Not satisfied
164,110,222,1,2018-11-02,Good product
165,160,708,4,2020-12-11,Worth the price
166,456,230,5,2022-07-05,Worth the price
167,395,626,1,2019-03-26,Average
168,10,792,4,2021-04-14,Not satisfied
169,277,740,4,2020-01-13,Average
170,348,15,3,2020-07-06,Average
171,10,363,4,2018-08-28,Good product
172,474,191,2,2022-09-01,Excellent
173,191,91,2,2021-08-19,Excellent
174,500,94,4,2018-06-28,Not satisfied
175,142,632,4,2018-09-01,Good product
176,29,281,3,2019-12-12,Average
177,202,579,2,2021-01-21,Not satisfied
178,187,535,5,2021-02-13,Worth the price
179,282,611,2,2021-09-07,Worth the price
180,158,366,2,2020-12-30,Worth the price
181,242,591,3,2020-04-19,Worth the price
182,30,612,4,2022-12-02,Average
183,311,693,3,2021-12-11,Worth the price
184,319,311,4,2020-03-06,Worth the price
185,480,717,3,2022-09-05,Good product
186,62,76,5,2018-04-25,Worth the price
187,399,963,1,2022-03-27,Good product
188,105,386,4,2018-10-06,Average
189,376,779,1,2022-03-01,Worth the price
190,358,843,3,2020-06-26,Average
191,226,256,1,2021-07-26,Worth the price
192,292,489,1,2022-11-08,Average
193,57,778,3,2021-04-12,Average
194,80,980,4,2020-02-08,Good product
195,129,147,2,2019-07-01,Average
196,296,699,3,2020-11-11,Excellent
197,473,983,4,2018-09-02,Average
198,405,702,3,2022-04-05,Average
199,128,174,1,2020-05-24,Good product
200,115,329,2,2021-09-25,Excellent
201,458,274,2,2019-09-08,Not satisfied
202,354,445,4,2019-03-27,Worth the price
203,338,579,1,2022-12-15,Excellent
204,5,419,5,2019-12-05,Excellent
205,350,571,5,2018-11-01,Good product
206,466,396,4,2018-10-11,Average
207,135,624,5,2018-06-23,Average
208,491,840,1,2021-03-07,Not satisfied
209,453,938,3,2019-03-17,Not satisfied
210,288,97,5,2021-12-11,Excellent
211,419,762,4,2020-05-04,Not satisfied
212,229,744,5,2022-10-23,Not satisfied
213,111,965,3,2022-09-18,Excellent
214,110,710,4,2019-08-09,Not satisfied
215,194,94,5,2022-01-08,Not satisfied
216,2,299,4,2021-11-21,Excellent
217,132,784,4,2019-01-12,Worth the price
218,57,786,5,2022-08-15,Not satisfied
219,487,829,2,2018-07-15,Average
220,346,551,4,2019-06-09,Average
221,330,972,1,2018-07-15,Average
222,412,918,5,2021-11-22,Average
223,187,964,1,2020-07-19,Worth the price
224,388,376,5,2020-08-02,Good product
225,128,659,4,2020-12-10,Average
226,329,894,2,2019-03-08,Excellent
227,412,891,2,2020-09-04,Good product
228,231,882,1,2019-03-01,Excellent
229,324,550,1,2018-11-16,Not satisfied
230,324,390,4,2022-04-17,Worth the price
231,4,367,5,2022-03-09,Excellent
232,99,836,3,2020-07-19,Average
233,209,284,1,2018-08-17,Worth the price
234,415,84,5,2022-10-21,Good product
235,91,522,2,2020-01-28,Worth the price
236,227,77,1,2019-02-15,Not satisfied
237,221,749,1,2022-07-29,Good product
238,55,242,1,2020-12-01,Worth the price
239,217,780,2,2018-05-05,Not satisfied
240,85,617,3,2019-12-06,Good product
241,322,326,4,2019-04-05,Excellent
242,436,397,2,2020-01-28,Not satisfied
243,187,994,2,2020-08-28,Excellent
244,117,871,4,2018-04-30,Worth the price
245,86,799,1,2018-03-08,Excellent
246,93,91,4,2018-04-27,Good product
247,225,570,4,2022-12-25,Excellent
248,402,889,2,2020-03-03,Excellent
249,70,602,5,2021-03-17,Good product
250,318,24,3,2020-04-27,Good product
251,408,571,1,2018-06-03,Worth the price
252,112,252,2,2018-02-24,Good product
253,28,760,5,2018-09-22,Worth the price
254,431,405,5,2019-12-12,Not satisfied
255,328,361,4,2020-02-27,Worth the price
256,79,560,5,2022-06-19,Excellent
257,135,200,5,2020-08-28,Not satisfied
258,270,128,2,2022-04-28,Average
259,182,88,4,2020-01-25,Average
260,348,515,4,2019-03-22,Good product
261,118,670,5,2018-11-19,Not satisfied
262,108,52,2,2018-08-24,Worth the price
263,123,856,3,2019-02-14,Worth the price
264,475,382,2,2020-03-06,Worth the price
265,440,538,5,2022-06-24,Excellent
266,17,372,2,2021-11-16,Excellent
267,84,662,2,2020-11-01,Average
268,388,748,2,2021-02-08,Excellent
269,362,735,1,2019-11-12,Not satisfied
270,489,502,3,2020-07-21,Worth the price
271,141,435,5,2018-02-20,Excellent
272,227,594,1,2019-04-06,Good product
273,183,837,2,2020-08-04,Not satisfied
274,460,969,3,2019-07-19,Good product
275,479,832,4,2021-06-23,Good product
276,346,878,5,2020-08-30,Excellent
277,431,705,3,2018-02-14,Worth the price
278,77,47,1,2018-11-07,Good product
279,426,83,4,2018-08-07,Average
280,366,823,5,2020-08-30,Not satisfied
281,494,32,1,2022-10-02,Excellent
282,440,928,3,2020-10-30,Good product
283,265,764,4,2019-06-10,Worth the price
284,492,860,4,2022-06-13,Excellent
285,291,237,1,2020-08-31,Good product
286,297,872,1,2019-05-06,Worth the price
287,392,443,4,2019-08-08,Good product
288,392,371,3,2022-05-30,Excellent
289,238,514,1,2018-04-03,Worth the price
290,157,433,5,2018-08-22,Worth the price
291,470,106,4,2022-10-14,Average
292,477,850,1,2021-04-26,Good product
293,368,519,1,2022-05-08,Not satisfied
294,94,686,4,2021-07-02,Not satisfied
295,106,154,3,2020-05-24,Not satisfied
296,112,504,1,2019-03-14,Excellent
297,87,134,3,2018-04-07,Average
298,369,315,4,2018-10-22,Not satisfied
299,481,486,3,2019-05-22,Good product
300,434,13,3,2021-12-10,Worth the price
301,164,805,2,2020-05-13,Average
302,331,920,3,2022-09-20,Not satisfied
303,206,424,1,2022-12-25,Good product
304,131,24,4,2022-10-10,Worth the price
305,443,441,5,2018-02-09,Not satisfied
306,309,971,2,2019-11-02,Not satisfied
307,46,463,4,2019-06-07,Excellent
308,475,338,2,2021-11-22,Worth the price
309,212,666,2,2018-10-17,Worth the price
310,406,427,5,2022-02-15,Not satisfied
311,376,217,1,2021-02-01,Not satisfied
312,328,344,5,2018-11-23,Good product
313,479,569,2,2021-11-04,Excellent
314,487,654,2,2021-05-17,Worth the price
315,142,275,5,2018-10-06,Excellent
316,45,305,3,2020-09-10,Good product
317,382,658,5,2022-11-06,Average
318,227,480,3,2019-02-07,Not satisfied
319,223,190,2,2022-03-16,Worth the price
320,108,394,2,2018-11-22,Average
321,381,522,3,2019-09-14,Worth the price
322,352,909,1,2022-03-03,Worth the price
323,186,653,2,2022-08-27,Average
324,84,264,3,2020-07-20,Good product
325,181,873,5,2022-05-12,Good product
326,209,718,1,2022-03-07,Excellent
327,8,336,1,2020-07-09,Excellent
328,467,765,4,2020-03-13,Average
329,407,505,5,2022-04-06,Average
330,389,67,4,2020-09-17,Average
331,292,23,4,2022-06-29,Excellent
332,458,561,1,2021-03-20,Not satisfied
333,399,100,4,2022-08-11,Worth the price
334,383,559,1,2019-09-20,Good product
335,486,940,5,2020-09-16,Not satisfied
336,246,462,3,2020-06-30,Good product
337,486,928,2,2022-12-02,Average
338,33,490,1,2021-07-12,Good product
339,388,511,3,2018-05-30,Average
340,7,195,1,2022-08-27,Worth the price
341,495,436,3,2021-06-14,Worth the price
342,52,559,5,2019-02-02,Worth the price
343,482,108,1,2018-12-11,Not satisfied
344,169,505,5,2020-12-18,Not satisfied
345,204,721,5,2018-01-11,Not satisfied
346,364,968,4,2018-08-12,Worth the price
347,114,643,5,2019-07-01,Excellent
348,186,922,2,2021-11-10,Excellent
349,461,867,1,2018-04-13,Good product
350,428,126,1,2018-03-05,Not satisfied
351,170,698,1,2019-03-09,Average
352,22,705,1,2022-04-15,Good product
353,59,608,5,2020-02-22,Good product
354,307,552,2,2021-08-08,Good product
355,205,419,4,2019-02-12,Average
356,116,248,2,2021-09-07,Excellent
357,227,720,4,2020-05-25,Not satisfied
358,270,999,5,2019-08-06,Average
359,313,720,3,2020-01-26,Not satisfied
360,487,738,1,2018-10-02,Average
361,445,142,1,2018-06-23,Excellent
362,70,10,4,2022-08-27,Good product
363,367,845,2,2021-01-04,Worth the price
364,253,55,2,2018-01-25,Excellent
365,210,455,3,2022-08-31,Excellent
366,322,942,3,2019-09-11,Good product
367,446,905,2,2020-08-21,Worth the price
368,14,146,1,2018-09-28,Worth the price
369,400,936,5,2018-11-18,Good product
370,310,197,3,2019-10-25,Good product
371,459,10,5,2018-06-05,Good product
372,108,18,2,2021-01-07,Excellent
373,350,567,2,2022-06-15,Good product
374,412,660,2,2022-07-11,Good product
375,413,762,1,2020-08-10,Worth the price
376,160,620,3,2020-04-24,Average
377,306,50,3,2019-06-30,Good product
378,346,777,3,2018-01-18,Not satisfied
379,164,990,3,2022-11-14,Not satisfied
380,305,711,4,2022-07-21,Not satisfied
381,432,208,5,2020-12-31,Good product
382,418,508,4,2022-08-16,Excellent
383,281,564,1,2022-09-02,Good product
384,210,685,1,2021-07-08,Worth the price
385,246,868,4,2021-02-27,Good product
386,211,567,2,2021-10-02,Excellent
387,472,129,1,2019-05-25,Excellent
388,144,276,4,2018-02-10,Excellent
389,139,90,2,2022-03-12,Not satisfied
390,482,54,5,2019-12-11,Not satisfied
391,45,243,5,2019-01-02,Not satisfied
392,421,746,5,2019-10-22,Not satisfied
393,285,924,1,2021-01-27,Average
394,489,561,5,2022-03-16,Excellent
395,81,156,4,2019-01-28,Worth the price
396,189,59,5,2018-11-03,Worth the price
397,171,49,5,2022-10-29,Good product
398,332,683,2,2021-01-07,Worth the price
399,96,766,1,2018-01-07,Excellent
400,342,227,1,2020-04-17,Average
401,131,722,1,2018-04-04,Average
402,44,887,4,2022-12-23,Excellent
403,183,390,3,2020-02-17,Worth the price
404,258,675,4,2019-03-09,Excellent
405,353,994,2,2020-11-14,Not satisfied
406,8,416,2,2022-05-22,Good product
407,128,547,5,2022-09-12,Average
408,350,25,3,2020-03-19,Excellent
409,266,831,3,2020-11-02,Worth the price
410,235,722,4,2019-03-19,Not satisfied
411,317,614,1,2020-08-12,Average
412,463,768,1,2020-04-13,Average
413,500,727,5,2022-09-17,Good product
414,349,639,4,2018-11-01,Not satisfied
415,259,570,3,2018-05-10,Good product
416,200,704,5,2021-04-26,Good product
417,171,462,3,2019-12-04,Excellent
418,123,604,3,2019-03-28,Worth the price
419,278,206,5,2021-09-11,Good product
420,84,535,5,2022-05-25,Average
421,203,53,3,2018-10-14,Worth the price
422,396,18,1,2021-05-25,Good product
423,294,331,2,2022-03-01,Good product
424,293,135,5,2021-06-21,Excellent
425,129,946,4,2020-10-03,Average
426,466,368,1,2020-07-17,Worth the price
427,102,16,4,2021-02-25,Average
428,183,484,2,2020-02-18,Not satisfied
429,188,811,3,2021-02-28,Average
430,428,11,2,2022-06-03,Excellent
431,365,932,1,2019-10-09,Not satisfied
432,402,973,5,2019-12-05,Not satisfied
433,175,117,4,2019-04-04,Worth the price
434,218,827,4,2020-02-22,Not satisfied
435,361,356,4,2018-09-08,Average
436,112,732,5,2020-09-12,Excellent
437,159,115,4,2018-08-10,Worth the price
438,213,557,3,2019-05-08,Good product
439,316,861,1,2019-03-16,Good product
440,295,986,1,2020-08-22,Average
441,315,921,1,2021-04-20,Worth the price
442,433,61,2,2018-08-18,Not satisfied
443,364,531,5,2019-01-31,Average
444,38,976,2,2019-03-18,Average
445,368,783,3,2021-09-27,Average
446,173,389,2,2019-07-25,Worth the price
447,16,389,3,2018-07-25,Excellent
448,339,560,4,2019-05-14,Not satisfied
449,288,32,1,2020-01-27,Average
450,71,341,2,2022-09-09,Not satisfied
451,154,314,4,2021-01-21,Not satisfied
452,108,724,4,2022-01-19,Not satisfied
453,396,708,4,2018-10-17,Worth the price
454,44,363,2,2018-05-01,Not satisfied
455,499,496,4,2022-07-26,Average
456,203,25,1,2020-01-21,Good product
457,161,339,1,2019-10-19,Excellent
458,357,901,5,2020-04-28,Good product
459,181,254,4,2022-04-06,Worth the price
460,211,960,4,2022-03-16,Excellent
461,30,935,2,2022-03-05,Not satisfied
462,189,338,1,2020-08-28,Average
463,260,366,5,2018-01-14,Worth the price
464,83,434,4,2019-05-02,Worth the price
465,70,411,4,2019-12-19,Worth the price
466,205,196,5,2018-12-10,Not satisfied
467,470,669,1,2021-07-28,Excellent
468,496,94,1,2020-05-07,Average
469,58,226,1,2022-02-17,Average
470,8,821,2,2018-08-21,Excellent
471,386,193,4,2018-07-01,Average
472,342,163,3,2020-05-01,Good product
473,480,95,4,2022-11-05,Worth the price
474,380,780,5,2021-12-22,Good product
475,255,664,2,2018-07-10,Not satisfied
476,77,261,4,2019-07-18,Average
477,447,388,5,2019-12-10,Not satisfied
478,264,415,3,2020-02-29,Excellent
479,46,489,3,2019-05-17,Average
480,460,955,5,2020-09-26,Not satisfied
481,99,425,5,2018-06-11,Good product
482,399,126,3,2019-04-16,Not satisfied
483,378,242,2,2022-08-18,Worth the price
484,445,881,4,2019-03-30,Average
485,496,88,3,2019-03-28,Good product
486,329,287,3,2021-05-18,Worth the price
487,242,141,5,2022-02-15,Good product
488,452,198,1,2019-01-15,Excellent
489,75,193,4,2020-10-27,Excellent
490,121,834,4,2020-05-31,Good product
491,274,850,2,2018-05-23,Excellent
492,159,728,1,2018-09-25,Excellent
493,133,180,4,2018-04-28,Worth the price
494,341,865,4,2020-07-02,Not satisfied
495,160,344,2,2022-11-16,Average
496,395,903,2,2020-05-22,Good product
497,422,633,2,2019-11-23,Not satisfied
498,322,822,1,2022-10-14,Excellent
499,429,479,2,2018-09-22,Good product
500,270,163,1,2022-11-24,Not satisfied
501,185,629,1,2019-11-07,Not satisfied
502,280,803,4,2021-02-02,Good product
503,428,920,2,2021-12-12,Not satisfied
504,240,481,5,2022-02-22,Worth the price
505,452,110,2,2019-02-05,Average
506,52,949,2,2022-06-27,Excellent
507,355,817,2,2018-04-21,Average
508,461,551,5,2021-03-12,Good product
509,376,316,3,2022-03-03,Good product
510,446,259,3,2021-04-08,Excellent
511,279,506,1,2021-10-22,Worth the price
512,323,816,3,2019-05-26,Excellent
513,390,466,4,2018-02-23,Not satisfied
514,78,149,4,2018-06-09,Worth the price
515,47,757,2,2018-12-13,Good product
516,171,113,4,2022-01-15,Not satisfied
517,89,392,3,2021-04-02,Excellent
518,246,552,3,2020-10-01,Good product
519,281,349,1,2020-07-23,Average
520,178,565,1,2022-03-28,Good product
521,158,394,4,2022-04-11,Worth the price
522,19,596,1,2022-05-07,Worth the price
523,405,448,5,2022-02-10,Excellent
524,495,579,1,2020-04-11,Excellent
525,219,2,4,2020-01-11,Worth the price
526,361,802,4,2021-11-20,Average
527,113,388,4,2020-09-11,Good product
528,311,808,2,2019-05-19,Not satisfied
529,232,619,5,2022-10-23,Average
530,220,974,5,2022-11-09,Good product
531,131,832,5,2018-07-03,Not satisfied
532,426,937,3,2019-03-08,Worth the price
533,96,754,2,2018-06-03,Not satisfied
534,304,990,2,2018-09-26,Worth the price
535,135,322,3,2021-04-16,Excellent
536,69,537,2,2018-09-19,Not satisfied
537,126,800,4,2018-02-16,Average
538,487,70,4,2020-09-24,Excellent
539,448,497,3,2018-07-27,Excellent
540,191,84,5,2020-04-29,Average
541,400,392,5,2022-02-28,Average
542,423,114,3,2018-10-24,Average
543,373,580,5,2020-03-09,Good product
544,49,927,5,2020-01-04,Not satisfied
545,322,244,5,2022-06-04,Not satisfied
546,425,346,1,2022-10-19,Average
547,372,167,5,2021-06-23,Worth the price
548,205,435,2,2019-08-22,Good product
549,210,690,5,2022-09-23,Average
550,341,238,2,2019-05-24,Good product
551,435,433,4,2018-06-07,Good product
552,168,861,3,2018-08-16,Not satisfied
553,296,879,4,2021-08-18,Worth the price
554,364,74,2,2022-02-24,Excellent
555,335,161,4,2018-11-19,Worth the price
556,124,931,4,2021-08-24,Not satisfied
557,170,511,2,2019-07-05,Not satisfied
558,281,780,4,2022-06-11,Average
559,357,264,3,2018-08-04,Good product
560,406,117,1,2022-08-20,Average
561,223,818,5,2018-12-22,Not satisfied
562,113,390,3,2022-03-02,Good product
563,261,666,4,2022-08-13,Worth the price
564,292,418,2,2019-01-01,Average
565,308,27,4,2021-11-15,Average
566,388,326,5,2021-08-06,Good product
567,8,649,3,2021-09-24,Not satisfied
568,367,792,3,2018-06-04,Good product
569,356,850,4,2021-10-07,Not satisfied
570,301,82,5,2021-08-17,Average
571,417,711,4,2021-05-09,Average
572,445,668,2,2021-11-06,Not satisfied
573,215,207,4,2022-01-19,Excellent
574,410,20,5,2022-09-30,Excellent
575,247,31,5,2021-08-23,Good product
576,350,91,4,2020-10-21,Average
577,27,862,4,2022-04-24,Good product
578,231,600,1,2018-04-16,Not satisfied
579,161,471,1,2020-06-21,Average
580,342,611,2,2022-11-14,Worth the price
581,286,679,4,2020-08-02,Excellent
582,177,400,5,2019-10-03,Excellent
583,165,424,4,2021-05-03,Not satisfied
584,435,842,2,2019-09-22,Good product
585,9,119,5,2022-01-28,Worth the price
586,267,666,1,2022-05-18,Worth the price
587,283,310,1,2021-08-05,Average
588,474,834,5,2021-08-15,Good product
589,277,823,4,2022-02-14,Good product
590,98,637,4,2018-09-13,Good product
591,411,555,5,2020-11-08,Worth the price
592,27,143,3,2018-01-27,Worth the price
593,392,768,4,2022-12-09,Good product
594,240,265,1,2020-09-09,Worth the price
595,112,684,3,2020-01-11,Average
596,388,835,3,2022-02-23,Excellent
597,435,684,4,2020-02-13,Worth the price
598,136,663,1,2021-05-15,Average
599,384,508,5,2022-07-24,Not satisfied
600,122,385,2,2019-08-20,Worth the price
601,236,193,2,2018-03-11,Not satisfied
602,304,944,3,2021-04-27,Not satisfied
603,156,219,3,2019-02-07,Good product
604,27,392,2,2019-06-17,Excellent
605,491,268,4,2021-04-19,Excellent
606,431,5,2,2022-05-03,Average
607,40,159,5,2019-07-02,Average
608,498,429,5,2019-03-28,Average
609,85,481,2,2021-05-31,Worth the price
610,496,932,4,2018-09-20,Average
611,330,33,1,2019-11-05,Average
612,130,145,4,2018-03-08,Not satisfied
613,359,8,5,2018-09-01,Good product
614,306,235,2,2021-05-10,Not satisfied
615,312,74,1,2021-08-06,Average
616,211,604,3,2021-12-24,Good product
617,474,12,1,2021-08-06,Not satisfied
618,303,539,4,2018-07-07,Not satisfied
619,430,587,3,2019-09-13,Not satisfied
620,311,972,3,2021-01-20,Worth the price
621,4,352,4,2022-10-25,Excellent
622,15,997,2,2021-07-02,Average
623,311,145,5,2021-12-21,Not satisfied
624,5,348,5,2021-01-01,Not satisfied
625,246,37,5,2018-08-17,Not satisfied
626,340,571,2,2022-04-27,Worth the price
627,486,414,3,2021-05-31,Good product
628,281,476,3,2018-01-29,Worth the price
629,388,60,4,2021-03-02,Not satisfied
630,199,343,1,2018-01-24,Excellent
631,318,812,5,2018-10-22,Worth the price
632,261,471,1,2018-08-02,Excellent
633,132,342,4,2020-10-29,Good product
634,440,761,4,2020-06-20,Average
635,106,134,2,2018-03-01,Excellent
636,227,1000,3,2020-02-04,Good product
637,303,355,5,2018-01-11,Worth the price
638,291,738,4,2021-04-01,Excellent
639,230,837,3,2020-06-06,Not satisfied
640,193,21,4,2019-05-30,Excellent
641,234,586,1,2018-11-28,Good product
642,117,460,5,2022-11-11,Good product
643,430,142,4,2019-03-23,Worth the price
644,496,766,1,2020-05-05,Good product
645,114,590,1,2019-07-03,Not satisfied
646,40,232,4,2019-08-21,Good product
647,321,228,1,2018-07-09,Worth the price
648,370,469,4,2021-08-10,Average
649,26,212,5,2020-05-06,Excellent
650,87,355,2,2022-04-01,Worth the price
651,64,110,3,2020-05-25,Good product
652,31,720,1,2020-10-29,Worth the price
653,486,511,5,2020-08-17,Good product
654,55,623,3,2018-08-28,Excellent
655,333,206,4,2020-11-07,Not satisfied
656,13,855,3,2018-07-28,Good product
657,72,414,1,2020-04-04,Average
658,321,457,1,2022-01-09,Excellent
659,161,340,2,2018-04-13,Good product
660,327,378,5,2020-12-26,Excellent
661,134,605,3,2018-05-05,Worth the price
662,154,441,2,2020-10-02,Worth the price
663,130,454,4,2021-02-09,Good product
664,55,874,2,2021-08-19,Worth the price
665,398,495,5,2019-02-02,Average
666,136,503,1,2021-12-11,Good product
667,358,742,4,2022-02-13,Good product
668,403,816,2,2018-03-23,Not satisfied
669,369,647,1,2019-10-19,Excellent
670,44,155,4,2022-08-19,Average
671,126,196,5,2020-07-18,Excellent
672,412,336,1,2018-06-30,Excellent
673,275,637,1,2021-05-25,Not satisfied
674,98,149,3,2022-04-07,Worth the price
675,483,589,2,2020-04-16,Good product
676,108,595,3,2019-08-01,Average
677,411,702,4,2018-04-23,Worth the price
678,215,104,4,2020-01-29,Good product
679,394,714,5,2019-04-14,Good product
680,417,847,3,2018-03-31,Excellent
681,443,14,5,2019-07-21,Excellent
682,4,681,1,2022-05-26,Not satisfied
683,74,427,4,2022-07-24,Worth the price
684,266,75,3,2018-05-15,Not satisfied
685,326,215,1,2022-03-14,Good product
686,118,640,1,2019-06-02,Not satisfied
687,354,666,4,2020-07-30,Good product
688,404,530,5,2020-10-26,Excellent
689,69,687,4,2019-06-06,Good product
690,11,653,2,2018-09-25,Excellent
691,365,717,4,2022-08-26,Not satisfied
692,362,414,5,2022-03-28,Good product
693,257,344,3,2021-10-20,Worth the price
694,425,216,4,2021-09-30,Good product
695,124,602,1,2019-12-16,Worth the price
696,236,692,5,2022-11-05,Worth the price
697,53,10,1,2019-08-15,Worth the price
698,207,737,3,2021-02-28,Good product
699,122,956,1,2019-11-13,Not satisfied
700,263,788,2,2018-10-06,Excellent
701,270,609,3,2022-05-14,Not satisfied
702,140,14,5,2021-01-20,Worth the price
703,363,822,5,2018-12-31,Excellent
704,464,318,2,2020-11-02,Worth the price
705,172,983,1,2018-03-31,Not satisfied
706,59,787,4,2022-09-30,Not satisfied
707,141,179,5,2022-01-11,Worth the price
708,60,230,3,2019-04-05,Good product
709,87,680,4,2018-09-14,Not satisfied
710,31,740,4,2019-05-15,Worth the price
711,170,94,3,2018-09-07,Excellent
712,113,386,5,2018-04-06,Not satisfied
713,21,63,2,2020-01-25,Good product
714,187,875,2,2022-12-24,Excellent
715,489,920,3,2018-05-06,Average
716,470,844,2,2019-07-27,Not satisfied
717,15,86,1,2022-07-12,Average
718,59,540,1,2021-01-14,Excellent
719,206,863,2,2020-04-04,Not satisfied
720,13,844,5,2018-12-05,Good product
721,420,943,2,2020-06-21,Good product
722,392,185,5,2019-10-02,Worth the price
723,157,945,1,2021-09-05,Worth the price
724,422,416,2,2018-10-09,Not satisfied
725,160,444,1,2022-02-03,Worth the price
726,264,234,5,2021-12-03,Not satisfied
727,350,944,4,2019-04-16,Average
728,161,553,1,2020-06-08,Worth the price
729,230,341,5,2021-08-07,Good product
730,129,40,2,2019-07-14,Excellent
731,169,78,1,2022-07-11,Worth the price
732,204,454,5,2022-04-13,Good product
733,32,870,3,2022-08-01,Excellent
734,52,509,3,2018-11-15,Excellent
735,159,150,5,2019-04-03,Not satisfied
736,413,152,3,2022-09-14,Good product
737,477,354,4,2019-05-15,Average
738,130,144,3,2018-12-16,Average
739,362,214,1,2021-01-01,Average
740,286,223,1,2022-03-15,Not satisfied
741,1,449,5,2019-01-17,Not satisfied
742,382,282,5,2022-06-03,Worth the price
743,187,415,4,2021-01-02,Excellent
744,138,409,2,2021-07-07,Good product
745,352,662,1,2019-01-20,Worth the price
746,235,677,3,2019-09-05,Excellent
747,388,812,5,2021-12-24,Average
748,498,945,4,2018-10-13,Worth the price
749,428,759,4,2021-05-20,Good product
750,493,520,4,2021-11-21,Average
751,380,704,4,2022-06-16,Not satisfied
752,60,944,5,2019-04-28,Not satisfied
753,447,838,5,2022-12-19,Excellent
754,14,165,2,2020-10-10,Not satisfied
755,426,43,1,2018-10-19,Good product
756,318,99,2,2020-06-21,Not satisfied
757,107,152,3,2020-04-08,Worth the price
758,154,863,2,2021-03-07,Average
759,357,915,3,2020-09-29,Good product
760,235,313,4,2021-02-17,Excellent
761,454,275,2,2021-04-17,Average
762,3,266,1,2020-08-10,Excellent
763,47,701,1,2020-01-11,Worth the price
764,30,942,4,2021-05-20,Worth the price
765,36,275,3,2020-01-11,Not satisfied
766,446,514,4,2019-11-22,Excellent
767,181,428,3,2021-11-21,Good product
768,29,42,4,2020-07-28,Not satisfied
769,291,482,1,2019-04-25,Excellent
770,232,508,2,2019-07-16,Not satisfied
771,243,997,5,2018-04-30,Worth the price
772,19,407,5,2019-05-20,Not satisfied
773,127,290,1,2020-10-23,Good product
774,279,148,5,2021-12-01,Average
775,443,623,1,2018-03-15,Not satisfied
776,72,912,5,2020-05-29,Good product
777,115,888,5,2022-08-26,Not satisfied
778,344,543,2,2019-11-18,Not satisfied
779,274,657,2,2020-11-21,Average
780,351,912,3,2021-03-08,Excellent
781,352,126,3,2020-02-08,Good product
782,356,785,5,2018-10-15,Good product
783,335,810,1,2019-04-02,Good product
784,75,478,5,2022-03-03,Worth the price
785,120,930,3,2020-11-04,Not satisfied
786,264,877,5,2020-08-05,Excellent
787,159,431,1,2022-08-19,Excellent
788,333,789,5,2019-05-10,Good product
789,177,968,3,2021-03-12,Excellent
790,484,639,4,2019-07-20,Not satisfied
791,427,57,3,2020-01-27,Worth the price
792,481,221,1,2020-08-28,Worth the price
793,24,533,2,2018-12-11,Not satisfied
794,297,477,5,2019-09-29,Good product
795,179,412,5,2019-11-23,Average
796,275,182,3,2019-01-17,Average
797,484,1,4,2019-03-16,Worth the price
798,232,955,5,2020-07-10,Average
799,436,230,3,2022-09-11,Worth the price
800,48,358,1,2022-06-15,Worth the price
801,143,856,3,2019-04-16,Good product
802,231,609,2,2019-06-03,Average
803,11,193,2,2019-06-17,Not satisfied
804,413,735,2,2018-02-21,Average
805,372,313,4,2018-03-14,Worth the price
806,78,952,5,2021-09-09,Excellent
807,439,403,1,2018-08-15,Average
808,352,788,5,2020-02-14,Not satisfied
809,268,436,3,2020-04-11,Average
810,107,104,5,2021-06-03,Excellent
811,7,210,3,2022-10-05,Good product
812,464,199,1,2019-07-17,Average
813,50,885,5,2020-09-05,Not satisfied
814,452,867,5,2021-10-05,Excellent
815,145,296,5,2020-04-23,Not satisfied
816,335,691,2,2020-03-23,Good product
817,196,455,3,2019-01-14,Not satisfied
818,65,242,5,2020-04-23,Worth the price
819,174,290,4,2021-08-11,Worth the price
820,236,394,5,2020-06-28,Excellent
821,163,625,5,2019-06-11,Average
822,406,298,5,2020-02-10,Good product
823,8,75,2,2018-05-22,Good product
824,457,918,2,2018-06-04,Good product
825,485,39,2,2019-11-22,Worth the price
826,371,734,4,2020-06-24,Not satisfied
827,453,214,5,2021-09-13,Average
828,382,299,1,2019-11-19,Average
829,22,39,1,2022-04-26,Excellent
830,462,104,5,2022-10-13,Good product
831,412,349,4,2018-11-07,Average
832,152,968,5,2020-12-17,Average
833,363,137,4,2022-05-12,Not satisfied
834,28,843,2,2018-06-16,Average
835,9,788,2,2021-06-08,Excellent
836,476,419,2,2021-04-03,Excellent
837,218,327,4,2018-06-09,Excellent
838,388,283,4,2022-01-09,Worth the price
839,384,634,3,2018-07-28,Not satisfied
840,366,205,1,2019-10-13,Not satisfied
841,384,396,1,2018-01-31,Average
842,21,154,3,2022-11-12,Worth the price
843,124,652,1,2020-03-27,Not satisfied
844,403,605,5,2022-09-01,Good product
845,291,38,3,2021-03-05,Good product
846,212,746,3,2022-05-18,Excellent
847,433,607,4,2021-02-27,Excellent
848,364,931,3,2021-07-26,Good product
849,52,343,2,2020-05-24,Average
850,233,659,3,2018-10-09,Worth the price
851,240,808,3,2018-02-28,Not satisfied
852,220,424,1,2019-12-15,Average
853,104,33,5,2018-06-14,Worth the price
854,216,600,3,2022-05-08,Not satisfied
855,170,647,3,2022-02-28,Excellent
856,87,269,5,2022-10-19,Excellent
857,298,835,2,2020-06-10,Not satisfied
858,37,456,4,2021-11-06,Excellent
859,466,186,4,2021-02-25,Good product
860,153,628,3,2022-10-14,Average
861,307,94,5,2019-05-23,Good product
862,469,495,2,2020-10-20,Excellent
863,44,745,3,2022-06-13,Worth the price
864,480,619,4,2022-01-11,Not satisfied
865,326,422,4,2018-05-17,Not satisfied
866,229,291,1,2021-09-05,Good product
867,437,939,3,2022-06-15,Good product
868,131,389,2,2020-03-10,Not satisfied
869,216,907,2,2021-11-11,Good product
870,280,32,3,2019-10-21,Excellent
871,335,510,4,2018-11-26,Average
872,320,246,1,2018-10-03,Good product
873,357,412,4,2019-03-29,Average
874,356,828,4,2020-06-29,Excellent
875,240,788,5,2022-04-18,Not satisfied
876,136,92,1,2020-04-01,Excellent
877,176,900,1,2019-12-25,Good product
878,240,980,2,2021-08-14,Not satisfied
879,269,752,5,2019-08-22,Worth the price
880,392,984,2,2018-09-10,Not satisfied
881,95,586,5,2022-02-10,Not satisfied
882,79,526,5,2021-06-25,Not satisfied
883,232,420,3,2021-08-22,Average
884,155,349,2,2021-01-16,Excellent
885,240,765,4,2023-01-01,Good product
886,382,460,4,2021-02-24,Not satisfied
887,414,58,3,2022-06-12,Excellent
888,475,373,2,2018-09-08,Average
889,389,686,1,2019-12-02,Worth the price
890,63,209,5,2021-06-18,Excellent
891,493,819,5,2018-10-24,Worth the price
892,292,591,3,2019-04-16,Excellent
893,180,989,5,2022-08-05,Worth the price
894,265,641,3,2020-01-16,Good product
895,435,827,2,2018-12-31,Worth the price
896,224,936,1,2021-09-30,Good product
897,499,208,1,2019-10-31,Good product
898,266,933,5,2019-02-10,Worth the price
899,241,198,2,2018-11-10,Excellent
900,330,28,2,2020-11-05,Worth the price
901,173,106,3,2019-03-29,Good product
902,379,192,4,2019-07-21,Good product
903,489,202,1,2019-04-05,Excellent
904,81,365,2,2021-04-14,Worth the price
905,190,834,4,2021-04-02,Not satisfied
906,22,584,3,2022-03-28,Good product
907,439,414,5,2021-02-17,Worth the price
908,156,672,1,2022-08-15,Average
909,360,629,1,2021-04-17,Worth the price
910,8,367,3,2019-12-05,Good product
911,213,423,3,2022-09-12,Excellent
912,8,119,1,2021-08-05,Excellent
913,456,285,5,2020-06-11,Excellent
914,91,779,1,2021-07-02,Not satisfied
915,100,524,5,2019-07-10,Average
916,29,990,5,2021-02-17,Worth the price
917,56,533,4,2022-05-19,Worth the price
918,43,735,3,2019-11-21,Worth the price
919,371,283,2,2021-12-06,Not satisfied
920,396,142,5,2019-10-05,Average
921,112,4,4,2018-12-01,Not satisfied
922,480,59,5,2021-06-03,Good product
923,161,947,2,2020-10-03,Average
924,362,77,1,2018-03-30,Excellent
925,333,765,3,2018-10-07,Not satisfied
926,63,7,1,2018-10-16,Not satisfied
927,307,73,3,2018-08-17,Excellent
928,285,743,1,2020-11-02,Good product
929,412,769,5,2018-07-07,Average
930,1,651,2,2022-10-31,Not satisfied
931,213,246,2,2018-06-12,Excellent
932,442,592,4,2021-03-08,Worth the price
933,236,382,3,2022-04-22,Good product
934,9,503,2,2022-11-16,Not satisfied
935,210,612,5,2018-09-06,Average
936,15,435,4,2018-09-12,Average
937,63,583,5,2019-04-29,Good product
938,37,734,4,2021-01-19,Good product
939,427,201,5,2020-12-02,Excellent
940,371,941,1,2018-12-31,Not satisfied
941,298,13,4,2018-05-07,Excellent
942,441,402,1,2021-05-23,Good product
943,386,788,5,2022-05-10,Not satisfied
944,38,451,1,2020-08-14,Not satisfied
945,35,560,4,2019-12-08,Not satisfied
946,231,255,4,2021-07-09,Average
947,119,329,3,2021-12-09,Average
948,232,556,3,2022-08-22,Excellent
949,320,156,2,2020-08-01,Excellent
950,380,143,4,2021-03-16,Not satisfied
951,99,297,5,2021-07-24,Not satisfied
952,58,312,4,2021-02-25,Worth the price
953,272,619,4,2022-07-24,Excellent
954,433,449,5,2021-05-02,Average
955,99,246,3,2018-02-08,Not satisfied
956,153,704,3,2020-06-30,Worth the price
957,165,581,3,2022-08-18,Worth the price
958,94,285,4,2022-11-30,Worth the price
959,455,820,1,2019-12-01,Worth the price
960,82,607,5,2021-01-21,Not satisfied
961,334,427,1,2020-11-30,Not satisfied
962,448,685,3,2018-06-02,Worth the price
963,316,877,4,2020-09-24,Worth the price
964,457,158,4,2020-07-14,Not satisfied
965,416,392,2,2020-09-03,Worth the price
966,423,401,2,2018-07-15,Excellent
967,464,832,5,2018-03-15,Worth the price
968,188,661,2,2021-01-29,Good product
969,241,483,4,2018-04-03,Not satisfied
970,118,764,3,2019-08-21,Excellent
971,111,690,4,2018-09-04,Good product
972,147,73,2,2019-07-07,Good product
973,210,890,5,2019-06-18,Worth the price
974,427,110,3,2019-02-07,Average
975,479,804,4,2019-02-04,Excellent
976,115,575,1,2021-06-03,Not satisfied
977,200,507,4,2019-03-09,Average
978,17,838,3,2019-02-09,Average
979,127,549,5,2021-09-02,Worth the price
980,276,7,5,2021-01-21,Good product
981,449,213,1,2018-03-19,Excellent
982,206,253,3,2018-05-06,Excellent
983,273,740,4,2022-08-20,Worth the price
984,495,341,3,2018-11-06,Excellent
985,165,282,5,2021-07-08,Excellent
986,68,500,2,2021-08-13,Excellent
987,448,343,3,2020-08-13,Good product
988,284,718,1,2021-09-22,Worth the price
989,494,913,1,2019-12-24,Average
990,401,792,5,2019-09-07,Good product
991,306,966,1,2018-02-24,Good product
992,226,361,5,2018-08-26,Not satisfied
993,478,888,4,2021-09-10,Excellent
994,209,670,5,2018-09-29,Good product
995,360,466,4,2019-10-02,Good product
996,75,101,2,2019-05-13,Good product
997,356,588,5,2022-12-02,Average
998,413,514,5,2021-04-02,Excellent
999,5,681,5,2018-12-06,Average
1000,264,962,4,2022-01-05,Excellent
1001,32,343,1,2020-07-19,Good product
1002,302,294,2,2019-10-10,Not satisfied
1003,29,418,1,2018-07-31,Excellent
1004,60,303,2,2019-10-07,Good product
1005,263,939,1,2022-05-14,Average
1006,404,302,2,2021-05-31,Excellent
1007,445,775,3,2019-09-04,Excellent
1008,186,604,5,2019-06-20,Good product
1009,308,758,2,2018-10-10,Not satisfied
1010,383,57,4,2020-12-02,Not satisfied
1011,420,732,4,2019-11-05,Average
1012,422,10,4,2022-05-11,Good product
1013,99,450,4,2021-08-13,Good product
1014,297,758,1,2021-05-17,Excellent
1015,226,3,2,2018-11-27,Excellent
1016,390,827,2,2021-11-08,Average
1017,195,788,1,2020-08-17,Excellent
1018,266,73,1,2021-05-05,Good product
1019,209,998,1,2022-10-10,Worth the price
1020,374,252,5,2020-08-02,Excellent
1021,397,770,3,2019-12-17,Average
1022,217,811,3,2018-05-26,Good product
1023,430,62,2,2020-07-28,Worth the price
1024,259,973,3,2022-04-15,Average
1025,422,724,1,2019-12-04,Average
1026,481,927,4,2020-05-23,Worth the price
1027,250,680,4,2019-03-25,Excellent
1028,336,586,5,2021-09-02,Worth the price
1029,317,949,3,2018-02-23,Excellent
1030,96,778,1,2019-04-08,Not satisfied
1031,382,280,5,2018-04-05,Excellent
1032,141,96,2,2022-01-02,Average
1033,374,207,2,2019-01-07,Excellent
1034,470,307,2,2018-10-26,Excellent
1035,368,478,1,2021-11-03,Not satisfied
1036,494,995,1,2019-12-14,Not satisfied
1037,484,184,4,2018-04-26,Good product
1038,384,667,4,2018-03-06,Excellent
1039,283,785,2,2022-07-26,Good product
1040,366,968,4,2020-12-08,Worth the price
1041,32,103,2,2020-06-14,Worth the price
1042,100,481,4,2022-05-22,Average
1043,211,632,2,2019-09-19,Average
1044,492,637,1,2021-05-25,Average
1045,188,608,5,2019-05-18,Not satisfied
1046,439,651,1,2020-02-26,Not satisfied
1047,232,985,4,2020-03-06,Average
1048,117,62,2,2019-07-17,Worth the price
1049,421,158,2,2021-06-28,Not satisfied
1050,143,849,1,2019-12-27,Not satisfied
1051,59,108,1,2021-06-02,Average
1052,80,690,4,2020-03-20,Average
1053,183,562,5,2019-12-08,Good product
1054,60,322,2,2018-04-26,Excellent
1055,42,751,2,2021-06-02,Good product
1056,169,370,3,2018-07-01,Worth the price
1057,424,403,1,2021-08-03,Not satisfied
1058,390,571,3,2019-06-11,Excellent
1059,13,446,3,2018-03-05,Not satisfied
1060,413,47,2,2022-03-23,Not satisfied
1061,16,517,2,2019-01-14,Average
1062,294,827,1,2018-03-23,Good product
1063,470,659,3,2019-12-23,Worth the price
1064,110,408,3,2018-04-23,Worth the price
1065,383,460,4,2021-07-08,Not satisfied
1066,203,297,1,2021-02-11,Excellent
1067,65,626,3,2018-11-18,Worth the price
1068,350,746,3,2022-03-09,Not satisfied
1069,231,171,5,2020-02-25,Excellent
1070,235,193,1,2018-06-15,Not satisfied
1071,229,49,2,2022-01-22,Average
1072,206,66,3,2021-04-17,Average
1073,216,329,1,2021-05-22,Average
1074,176,328,2,2021-08-23,Worth the price
1075,30,590,5,2021-12-10,Excellent
1076,106,614,2,2023-01-01,Worth the price
1077,308,526,3,2020-07-01,Not satisfied
1078,452,356,1,2021-04-24,Average
1079,205,580,2,2021-11-14,Not satisfied
1080,105,455,4,2018-12-30,Worth the price
1081,287,224,5,2019-03-19,Excellent
1082,82,334,5,2022-01-29,Excellent
1083,219,403,5,2021-02-18,Worth the price
1084,263,974,2,2020-08-21,Good product
1085,309,419,3,2020-02-28,Not satisfied
1086,442,449,5,2018-04-20,Worth the price
1087,363,101,1,2020-02-16,Worth the price
1088,424,854,5,2021-06-04,Worth the price
1089,60,853,3,2022-09-05,Not satisfied
1090,250,271,5,2022-02-17,Average
1091,286,203,5,2019-08-27,Average
1092,460,939,4,2018-10-29,Average
1093,492,554,3,2020-06-29,Average
1094,499,136,5,2022-08-07,Good product
1095,13,634,1,2021-11-06,Excellent
1096,126,484,1,2021-03-21,Good product
1097,193,520,5,2021-08-16,Excellent
1098,83,97,5,2019-01-07,Not satisfied
1099,229,854,5,2022-11-04,Good product
1100,132,767,2,2021-01-12,Excellent
1101,382,138,4,2019-12-07,Average
1102,20,109,4,2019-12-11,Good product
1103,84,606,4,2020-08-12,Excellent
1104,321,315,4,2019-12-24,Average
1105,440,503,1,2021-10-18,Good product
1106,385,466,5,2021-08-09,Good product
1107,127,117,2,2018-10-07,Worth the price
1108,269,715,2,2022-11-23,Good product
1109,84,214,3,2020-12-23,Average
1110,86,232,5,2018-06-21,Excellent
1111,296,67,4,2022-08-13,Not satisfied
1112,462,606,2,2018-12-29,Not satisfied
1113,216,710,4,2021-04-09,Average
1114,102,944,2,2021-05-22,Worth the price
1115,318,346,2,2022-07-17,Not satisfied
1116,383,903,1,2018-08-14,Worth the price
1117,11,924,3,2021-05-31,Excellent
1118,116,467,5,2022-06-20,Good product
1119,336,180,4,2020-08-08,Good product
1120,403,797,1,2021-12-27,Excellent
1121,177,734,3,2022-08-25,Worth the price
1122,125,985,5,2021-07-24,Not satisfied
1123,486,760,3,2018-06-02,Average
1124,371,398,5,2019-08-28,Worth the price
1125,39,947,4,2018-07-01,Average
1126,59,201,5,2020-09-14,Excellent
1127,162,289,3,2022-03-17,Average
1128,350,432,5,2021-04-12,Average
1129,234,174,3,2022-01-07,Good product
1130,175,649,1,2022-04-25,Not satisfied
1131,352,516,4,2022-02-18,Good product
1132,314,538,4,2021-06-25,Not satisfied
1133,390,338,1,2018-01-10,Good product
1134,173,998,1,2019-02-11,Worth the price
1135,314,58,4,2018-11-15,Average
1136,246,112,2,2019-04-01,Excellent
1137,160,227,5,2021-12-27,Not satisfied
1138,349,996,2,2022-06-03,Excellent
1139,146,42,3,2022-10-22,Excellent
1140,273,582,2,2022-09-07,Average
1141,194,999,5,2022-10-02,Worth the price
1142,60,905,4,2022-05-04,Worth the price
1143,47,428,4,2020-01-25,Worth the price
1144,419,270,5,2019-03-07,Not satisfied
1145,430,644,5,2018-02-06,Worth the price
1146,106,134,1,2022-03-06,Not satisfied
1147,332,205,1,2019-03-24,Average
1148,409,797,3,2018-11-26,Not satisfied
1149,119,261,4,2018-06-25,Good product
1150,412,531,2,2019-03-07,Good product
1151,270,83,1,2018-11-08,Average
1152,382,505,2,2020-06-28,Good product
1153,239,250,5,2020-06-01,Good product
1154,37,456,4,2020-12-09,Worth the price
1155,438,348,4,2022-02-10,Good product
1156,17,574,1,2019-12-16,Average
1157,435,887,1,2021-04-16,Good product
1158,420,631,4,2018-10-23,Not satisfied
1159,390,975,5,2020-11-04,Average
1160,384,701,4,2018-05-08,Not satisfied
1161,169,755,5,2020-09-02,Excellent
1162,307,227,5,2019-12-23,Average
1163,347,447,3,2020-09-16,Average
1164,54,223,5,2022-04-10,Not satisfied
1165,72,85,5,2018-10-24,Worth the price
1166,2,333,5,2018-08-05,Excellent
1167,61,472,5,2021-09-15,Good product
1168,81,365,1,2018-08-26,Excellent
1169,195,672,2,2022-05-14,Not satisfied
1170,480,449,4,2018-01-14,Worth the price
1171,64,934,1,2018-07-07,Not satisfied
1172,239,339,4,2018-12-07,Good product
1173,197,642,5,2021-07-13,Worth the price
1174,245,179,4,2018-09-16,Average
1175,14,222,2,2019-07-23,Worth the price
1176,468,605,1,2022-10-28,Not satisfied
1177,80,845,4,2020-02-26,Worth the price
1178,32,206,1,2022-04-01,Not satisfied
1179,11,954,1,2022-06-15,Excellent
1180,3,812,5,2020-06-21,Good product
1181,404,522,1,2020-05-21,Good product
1182,68,574,3,2022-12-10,Good product
1183,75,981,2,2021-03-17,Good product
1184,484,310,2,2021-12-02,Average
1185,20,327,4,2018-04-05,Excellent
1186,57,822,3,2019-06-10,Not satisfied
1187,24,569,1,2018-09-26,Not satisfied
1188,191,694,5,2018-03-15,Excellent
1189,327,787,4,2020-09-18,Not satisfied
1190,85,881,5,2020-01-17,Not satisfied
1191,437,597,2,2019-05-31,Excellent
1192,48,365,1,2020-01-22,Good product
1193,169,613,5,2021-05-18,Good product
1194,193,476,1,2021-06-26,Worth the price
1195,461,698,3,2022-06-19,Excellent
1196,192,579,4,2022-10-14,Good product
1197,1,907,4,2022-08-06,Worth the price
1198,356,643,3,2022-09-23,Good product
1199,471,269,3,2020-08-08,Worth the price
1200,431,10,1,2022-05-05,Average
1201,43,446,5,2022-05-18,Average
1202,407,794,5,2020-11-27,Worth the price
1203,60,275,2,2021-03-05,Average
1204,82,5,4,2019-06-22,Worth the price
1205,39,317,1,2021-03-02,Good product
1206,72,191,5,2020-01-17,Worth the price
1207,62,112,3,2019-04-23,Good product
1208,398,212,1,2020-08-04,Not satisfied
1209,321,144,5,2020-03-16,Excellent
1210,152,285,2,2021-11-14,Good product
1211,241,992,3,2021-03-03,Good product
1212,125,37,3,2018-11-27,Excellent
1213,92,172,1,2021-10-03,Average
1214,373,453,1,2022-09-24,Average
1215,165,485,4,2021-04-11,Worth the price
1216,48,650,4,2021-02-11,Worth the price
1217,188,102,1,2022-04-27,Good product
1218,223,905,1,2018-04-06,Worth the price
1219,155,162,4,2022-10-30,Good product
1220,22,382,5,2019-08-20,Excellent
1221,325,681,3,2018-10-12,Worth the price
1222,340,159,1,2022-06-03,Not satisfied
1223,63,890,5,2020-01-04,Excellent
1224,297,188,5,2021-01-11,Excellent
1225,427,344,3,2019-05-16,Worth the price
1226,382,138,1,2020-04-30,Not satisfied
1227,487,567,1,2018-05-18,Not satisfied
1228,191,723,5,2019-02-26,Not satisfied
1229,76,857,2,2018-08-07,Excellent
1230,191,44,2,2021-07-21,Excellent
1231,327,436,3,2020-08-16,Worth the price
1232,472,977,4,2022-02-10,Average
1233,238,107,2,2020-01-05,Average
1234,69,121,3,2019-03-23,Not satisfied
1235,46,275,3,2022-10-09,Average
1236,321,138,3,2018-12-31,Average
1237,61,699,3,2022-12-26,Average
1238,45,721,1,2022-10-28,Worth the price
1239,200,626,3,2020-05-26,Worth the price
1240,245,542,2,2019-10-24,Worth the price
1241,269,801,2,2022-06-16,Average
1242,222,735,2,2022-03-27,Average
1243,269,214,5,2022-03-15,Good product
1244,427,42,4,2020-10-14,Good product
1245,100,37,1,2022-01-29,Worth the price
1246,316,828,4,2018-05-25,Not satisfied
1247,165,397,2,2020-06-22,Worth the price
1248,146,667,2,2022-03-16,Good product
1249,458,730,5,2022-10-02,Excellent
1250,412,29,5,2020-09-26,Worth the price
1251,59,562,1,2018-08-23,Excellent
1252,41,952,3,2021-02-12,Excellent
1253,478,65,3,2019-11-18,Good product
1254,314,379,2,2018-05-18,Excellent
1255,217,179,2,2020-02-01,Excellent
1256,135,542,4,2019-08-24,Good product
1257,296,492,5,2018-08-11,Not satisfied
1258,277,352,2,2021-12-11,Excellent
1259,352,283,2,2018-08-18,Average
1260,251,497,1,2021-10-19,Not satisfied
1261,79,75,3,2020-12-17,Good product
1262,190,27,5,2022-01-09,Average
1263,231,439,1,2020-06-01,Average
1264,369,131,5,2019-02-03,Worth the price
1265,216,892,1,2022-08-19,Good product
1266,253,790,1,2021-09-13,Good product
1267,329,567,1,2022-01-03,Excellent
1268,419,512,3,2022-10-13,Worth the price
1269,176,973,1,2020-12-24,Not satisfied
1270,258,145,5,2019-02-22,Average
1271,499,519,3,2018-10-04,Average
1272,292,232,3,2018-04-07,Not satisfied
1273,198,741,5,2018-09-16,Good product
1274,112,743,3,2022-04-15,Worth the price
1275,40,551,5,2019-04-03,Not satisfied
1276,436,609,2,2019-02-10,Worth the price
1277,1,2,3,2018-09-20,Worth the price
1278,453,705,5,2022-08-09,Not satisfied
1279,24,32,2,2022-11-01,Not satisfied
1280,366,336,2,2018-08-28,Excellent
1281,476,731,2,2020-08-03,Worth the price
1282,446,858,5,2018-04-13,Excellent
1283,308,971,5,2018-02-03,Average
1284,213,626,1,2018-09-07,Excellent
1285,65,358,4,2019-09-16,Excellent
1286,338,458,1,2019-09-23,Worth the price
1287,389,369,3,2021-11-25,Good product
1288,13,823,4,2021-01-15,Good product
1289,158,696,4,2021-02-08,Not satisfied
1290,285,8,4,2021-03-23,Not satisfied
1291,480,474,4,2022-01-03,Average
1292,192,138,5,2018-03-09,Not satisfied
1293,331,940,4,2020-07-29,Worth the price
1294,72,671,2,2018-09-29,Good product
1295,491,59,3,2018-11-06,Not satisfied
1296,127,855,2,2019-01-13,Worth the price
1297,266,241,2,2019-09-02,Good product
1298,215,66,4,2018-03-04,Average
1299,183,789,4,2020-04-17,Not satisfied
1300,344,653,3,2020-02-10,Good product
1301,322,129,5,2018-06-07,Excellent
1302,111,219,2,2020-09-10,Average
1303,18,146,3,2021-05-31,Average
1304,420,928,3,2019-02-08,Average
1305,163,796,1,2018-01-24,Excellent
1306,44,220,4,2019-03-20,Worth the price
1307,484,788,5,2021-10-30,Not satisfied
1308,384,903,2,2022-01-17,Good product
1309,323,34,5,2018-09-04,Worth the price
1310,140,581,1,2020-07-25,Not satisfied
1311,348,820,1,2020-02-02,Average
1312,315,818,2,2022-10-25,Not satisfied
1313,163,493,1,2020-12-13,Worth the price
1314,147,202,5,2019-02-11,Good product
1315,231,877,5,2021-03-23,Worth the price
1316,127,175,2,2021-04-30,Excellent
1317,13,227,2,2021-01-11,Not satisfied
1318,265,74,1,2022-05-05,Excellent
1319,178,414,1,2021-04-12,Not satisfied
1320,101,404,3,2019-07-04,Excellent
1321,214,570,1,2020-01-17,Excellent
1322,348,405,3,2020-11-22,Good product
1323,437,642,3,2019-10-04,Excellent
1324,361,951,3,2020-11-11,Good product
1325,122,929,2,2021-12-23,Good product
1326,219,782,2,2020-04-26,Good product
1327,186,561,4,2019-01-14,Not satisfied
1328,451,872,4,2022-03-17,Not satisfied
1329,353,579,4,2021-01-21,Excellent
1330,226,377,5,2020-02-10,Excellent
1331,388,844,2,2021-02-07,Worth the price
1332,70,166,2,2021-02-23,Not satisfied
1333,151,624,1,2021-08-24,Excellent
1334,154,218,1,2019-05-17,Good product
1335,341,810,3,2020-02-26,Not satisfied
1336,106,604,1,2020-07-11,Worth the price
1337,184,935,3,2022-10-02,Good product
1338,437,167,1,2022-12-11,Worth the price
1339,128,754,5,2022-01-12,Not satisfied
1340,478,111,5,2020-10-06,Good product
1341,36,637,3,2019-01-11,Good product
1342,494,270,4,2019-07-03,Excellent
1343,498,236,3,2022-10-23,Not satisfied
1344,217,63,1,2022-10-10,Excellent
1345,41,251,5,2020-10-05,Worth the price
1346,468,19,2,2020-04-07,Good product
1347,130,351,4,2022-08-15,Good product
1348,333,426,5,2020-10-08,Excellent
1349,297,480,5,2020-01-25,Excellent
1350,345,990,4,2018-08-01,Average
1351,453,340,3,2019-09-24,Worth the price
1352,117,113,2,2018-05-27,Average
1353,182,683,4,2018-05-14,Good product
1354,156,950,4,2018-10-21,Excellent
1355,29,251,1,2019-06-03,Worth the price
1356,452,899,4,2021-08-16,Worth the price
1357,255,206,1,2021-08-10,Worth the price
1358,243,692,1,2018-05-31,Not satisfied
1359,221,851,1,2019-11-15,Average
1360,387,809,4,2020-08-29,Average
1361,482,980,2,2019-03-14,Worth the price
1362,472,715,4,2019-11-16,Average
1363,291,700,5,2019-11-25,Good product
1364,138,495,5,2019-02-08,Excellent
1365,494,618,2,2018-02-28,Not satisfied
1366,163,794,4,2020-01-18,Good product
1367,22,467,1,2021-12-12,Average
1368,164,450,4,2021-08-09,Worth the price
1369,88,972,1,2022-07-26,Not satisfied
1370,249,113,2,2019-05-16,Worth the price
1371,37,461,3,2022-07-31,Good product
1372,176,257,4,2019-06-23,Excellent
1373,276,806,3,2019-10-27,Not satisfied
1374,313,482,3,2018-04-16,Worth the price
1375,385,275,3,2018-07-29,Worth the price
1376,398,515,4,2021-11-18,Average
1377,257,680,5,2022-11-07,Average
1378,176,536,1,2022-07-15,Not satisfied
1379,165,566,1,2022-08-12,Average
1380,484,520,4,2018-06-07,Excellent
1381,500,257,3,2019-03-31,Worth the price
1382,66,385,2,2020-11-05,Average
1383,129,559,5,2019-11-23,Not satisfied
1384,317,487,3,2021-01-28,Not satisfied
1385,171,934,2,2022-07-07,Excellent
1386,429,391,4,2022-07-03,Not satisfied
1387,106,767,3,2019-08-29,Good product
1388,33,482,1,2021-07-22,Not satisfied
1389,242,94,4,2018-08-13,Excellent
1390,379,524,1,2022-03-03,Worth the price
1391,125,27,2,2021-01-14,Not satisfied
1392,34,664,5,2020-05-20,Excellent
1393,360,492,5,2022-06-08,Excellent
1394,276,23,2,2022-10-16,Worth the price
1395,344,702,1,2022-07-05,Not satisfied
1396,258,403,4,2021-07-14,Excellent
1397,117,875,5,2021-12-21,Average
1398,388,328,1,2020-11-19,Worth the price
1399,134,236,2,2018-02-28,Average
1400,264,874,4,2021-02-28,Not satisfied
1401,54,428,1,2021-02-13,Not satisfied
1402,271,770,4,2022-02-22,Good product
1403,310,993,1,2022-10-20,Excellent
1404,54,427,1,2022-01-28,Excellent
1405,187,45,4,2019-09-03,Good product
1406,409,813,2,2019-11-24,Good product
1407,51,50,2,2020-07-08,Good product
1408,48,993,2,2019-06-23,Not satisfied
1409,220,889,4,2021-04-25,Worth the price
1410,319,846,4,2020-10-16,Good product
1411,93,276,2,2022-02-22,Not satisfied
1412,210,361,3,2020-11-02,Excellent
1413,254,294,2,2021-05-09,Not satisfied
1414,359,204,4,2018-10-01,Average
1415,87,645,5,2019-02-12,Not satisfied
1416,146,413,2,2022-07-01,Worth the price
1417,494,687,3,2021-12-26,Average
1418,445,750,4,2019-03-04,Excellent
1419,228,211,2,2018-08-19,Worth the price
1420,276,793,5,2021-03-13,Good product
1421,432,677,1,2019-09-09,Excellent
1422,452,997,1,2020-06-10,Worth the price
1423,435,254,3,2021-08-29,Worth the price
1424,109,337,3,2018-07-27,Excellent
1425,183,916,1,2020-02-28,Average
1426,29,165,3,2022-07-18,Good product
1427,444,20,2,2018-12-28,Good product
1428,96,464,4,2022-09-02,Average
1429,10,256,4,2018-02-13,Good product
1430,360,485,1,2018-03-11,Not satisfied
1431,191,274,2,2020-06-07,Not satisfied
1432,288,298,3,2018-04-30,Good product
1433,222,643,4,2022-09-12,Excellent
1434,17,159,5,2022-11-25,Not satisfied
1435,450,313,5,2018-07-02,Worth the price
1436,311,631,3,2022-06-20,Average
1437,56,729,2,2019-01-24,Not satisfied
1438,16,968,3,2019-12-13,Not satisfied
1439,227,383,4,2020-09-21,Not satisfied
1440,391,985,2,2018-12-08,Good product
1441,248,618,3,2020-06-08,Good product
1442,148,816,1,2021-07-22,Excellent
1443,400,946,4,2018-11-01,Worth the price
1444,287,495,5,2019-03-20,Good product
1445,422,176,5,2018-08-14,Average
1446,242,848,4,2019-09-18,Average
1447,291,637,4,2018-09-18,Not satisfied
1448,158,616,1,2019-09-15,Excellent
1449,259,329,4,2021-07-31,Not satisfied
1450,21,613,3,2020-08-16,Worth the price
1451,380,469,4,2019-05-22,Good product
1452,26,197,4,2022-08-20,Good product
1453,462,567,5,2019-08-26,Excellent
1454,309,236,5,2018-08-28,Excellent
1455,324,494,4,2019-01-05,Average
1456,359,741,1,2021-06-07,Worth the price
1457,375,597,1,2022-01-30,Average
1458,376,122,2,2018-03-09,Worth the price
1459,309,58,2,2021-08-05,Excellent
1460,495,791,5,2019-10-27,Excellent
1461,290,719,2,2019-10-05,Good product
1462,139,559,3,2022-11-09,Excellent
1463,118,717,3,2022-01-24,Worth the price
1464,435,733,4,2022-11-13,Average
1465,284,483,4,2021-10-02,Not satisfied
1466,38,783,5,2021-02-08,Average
1467,435,467,4,2018-01-13,Average
1468,384,105,1,2020-10-10,Not satisfied
1469,345,65,5,2021-03-20,Good product
1470,457,851,4,2018-08-13,Not satisfied
1471,301,518,3,2018-08-29,Excellent
1472,347,710,2,2021-09-19,Excellent
1473,423,388,1,2022-04-25,Average
1474,407,546,4,2019-03-19,Not satisfied
1475,355,134,4,2018-07-19,Excellent
1476,34,817,1,2020-07-20,Average
1477,119,20,3,2018-08-03,Good product
1478,214,33,3,2022-03-26,Excellent
1479,68,251,5,2019-01-25,Good product
1480,8,713,2,2022-04-08,Good product
1481,209,661,3,2022-07-05,Average
1482,442,70,3,2020-09-02,Not satisfied
1483,365,79,3,2021-09-30,Not satisfied
1484,296,742,4,2021-11-12,Excellent
1485,347,401,3,2021-10-28,Worth the price
1486,64,477,4,2019-07-23,Worth the price
1487,118,801,4,2020-01-09,Not satisfied
1488,308,113,1,2022-08-02,Excellent
1489,309,118,4,2022-02-13,Excellent
1490,220,668,2,2018-06-09,Excellent
1491,262,885,3,2018-01-06,Excellent
1492,226,84,4,2019-08-27,Good product
1493,458,380,3,2021-06-23,Good product
1494,91,165,1,2022-12-04,Average
1495,35,99,5,2020-12-29,Good product
1496,487,80,5,2018-02-22,Not satisfied
1497,495,608,3,2020-08-12,Good product
1498,391,812,1,2019-08-22,Not satisfied
1499,398,125,3,2018-08-26,Worth the price
1500,39,663,4,2021-06-27,Worth the price
1501,144,61,1,2021-01-07,Average
1502,88,459,2,2022-06-09,Excellent
1503,232,762,3,2021-02-25,Excellent
1504,71,810,2,2022-04-23,Not satisfied
1505,460,138,4,2021-10-10,Excellent
1506,148,298,2,2022-09-03,Not satisfied
1507,472,528,5,2021-07-21,Not satisfied
1508,434,929,2,2020-04-24,Worth the price
1509,113,804,1,2021-10-08,Not satisfied
1510,35,495,2,2021-09-04,Not satisfied
1511,32,968,3,2020-07-23,Worth the price
1512,156,125,3,2021-10-01,Good product
1513,171,686,2,2018-06-22,Good product
1514,182,656,5,2020-03-02,Worth the price
1515,388,66,2,2022-10-02,Good product
1516,340,597,1,2020-05-15,Worth the price
1517,456,688,2,2021-10-22,Average
1518,471,544,5,2019-12-01,Worth the price
1519,324,976,4,2020-05-15,Excellent
1520,344,749,5,2019-02-25,Average
1521,151,201,4,2020-06-29,Average
1522,430,872,2,2020-03-23,Worth the price
1523,398,608,2,2021-12-28,Not satisfied
1524,66,198,2,2021-02-21,Average
1525,442,68,1,2018-10-12,Worth the price
1526,240,56,3,2021-01-08,Worth the price
1527,492,81,5,2022-12-16,Average
1528,368,612,5,2021-08-17,Excellent
1529,335,376,2,2018-04-25,Average
1530,369,911,1,2018-11-12,Not satisfied
1531,93,73,2,2018-02-01,Average
1532,334,580,2,2022-10-10,Excellent
1533,419,853,4,2020-05-21,Average
1534,8,529,5,2021-10-19,Good product
1535,106,979,1,2022-05-24,Excellent
1536,442,275,3,2018-07-07,Excellent
1537,417,495,4,2021-09-13,Average
1538,351,366,2,2019-10-13,Not satisfied
1539,242,840,2,2019-02-28,Excellent
1540,122,406,4,2022-06-01,Not satisfied
1541,302,665,3,2021-05-07,Excellent
1542,94,142,4,2021-11-16,Not satisfied
1543,277,131,5,2018-02-13,Worth the price
1544,397,330,4,2020-05-01,Average
1545,95,413,3,2019-09-15,Excellent
1546,17,296,4,2019-05-16,Excellent
1547,56,840,5,2022-07-12,Excellent
1548,176,476,2,2020-01-02,Worth the price
1549,24,206,3,2018-12-05,Worth the price
1550,500,50,5,2022-11-16,Average
1551,36,35,3,2018-06-15,Worth the price
1552,282,978,2,2020-04-26,Not satisfied
1553,355,395,5,2018-04-15,Good product
1554,207,353,4,2019-12-20,Average
1555,30,128,1,2022-12-07,Not satisfied
1556,395,484,4,2022-12-23,Excellent
1557,111,431,4,2018-04-07,Average
1558,177,545,4,2020-10-29,Good product
1559,497,560,3,2022-08-19,Average
1560,192,846,5,2019-06-06,Average
1561,319,504,1,2018-09-04,Excellent
1562,221,595,3,2020-07-22,Excellent
1563,155,714,1,2019-07-24,Not satisfied
1564,230,265,5,2020-10-23,Excellent
1565,87,609,3,2020-12-20,Average
1566,323,220,1,2019-06-07,Good product
1567,213,465,2,2022-07-16,Not satisfied
1568,368,261,1,2020-07-16,Worth the price
1569,400,310,5,2019-04-23,Not satisfied
1570,55,544,3,2021-07-10,Worth the price
1571,215,914,2,2022-10-15,Not satisfied
1572,298,426,2,2018-11-22,Worth the price
1573,308,600,2,2019-09-02,Good product
1574,337,620,5,2022-06-25,Worth the price
1575,480,577,3,2022-01-09,Excellent
1576,90,962,1,2022-01-25,Not satisfied
1577,398,445,5,2020-06-25,Excellent
1578,225,940,3,2020-06-04,Worth the price
1579,25,951,4,2021-02-01,Excellent
1580,453,466,4,2020-02-16,Average
1581,131,649,3,2022-03-13,Worth the price
1582,114,873,1,2019-01-14,Good product
1583,500,89,4,2020-02-24,Average
1584,209,791,1,2018-04-01,Worth the price
1585,405,801,4,2021-11-15,Good product
1586,142,277,4,2019-12-25,Worth the price
1587,36,82,1,2019-12-01,Excellent
1588,214,247,2,2022-09-20,Average
1589,104,100,5,2022-01-28,Excellent
1590,308,521,1,2021-12-13,Worth the price
1591,292,583,4,2019-05-27,Worth the price
1592,394,308,1,2018-01-11,Worth the price
1593,113,287,4,2020-03-23,Not satisfied
1594,53,524,1,2022-07-12,Excellent
1595,293,209,2,2022-12-28,Worth the price
1596,139,516,3,2020-08-22,Average
1597,428,964,4,2020-10-27,Excellent
1598,245,1000,2,2021-10-07,Average
1599,351,123,1,2020-04-20,Good product
1600,314,868,3,2019-06-03,Excellent
1601,341,949,2,2019-02-15,Good product
1602,123,615,5,2021-02-19,Good product
1603,336,876,1,2022-03-28,Not satisfied
1604,384,146,2,2021-11-17,Average
1605,356,959,4,2022-07-08,Average
1606,77,97,2,2021-11-25,Good product
1607,176,308,3,2018-09-18,Average
1608,166,928,4,2021-07-03,Average
1609,170,849,3,2021-05-11,Worth the price
1610,339,471,3,2019-10-31,Excellent
1611,4,181,3,2019-07-25,Excellent
1612,9,317,4,2020-06-12,Average
1613,79,176,4,2021-12-12,Not satisfied
1614,158,843,4,2019-01-06,Good product
1615,262,605,2,2020-04-23,Good product
1616,234,825,3,2021-10-13,Not satisfied
1617,24,82,4,2022-09-23,Not satisfied
1618,410,767,5,2021-01-28,Good product
1619,127,971,5,2021-06-05,Average
1620,434,74,2,2021-12-21,Worth the price
1621,421,307,5,2019-10-02,Excellent
1622,33,558,3,2022-01-11,Good product
1623,225,403,1,2018-09-26,Worth the price
1624,246,763,2,2021-02-10,Worth the price
1625,140,565,4,2020-02-22,Average
1626,458,758,1,2021-06-07,Worth the price
1627,498,239,5,2020-02-07,Average
1628,494,110,3,2022-12-20,Average
1629,296,546,5,2020-08-15,Not satisfied
1630,289,502,2,2021-11-24,Excellent
1631,496,263,1,2019-05-13,Worth the price
1632,424,46,3,2018-10-30,Worth the price
1633,155,93,5,2020-11-05,Good product
1634,431,311,2,2020-05-26,Good product
1635,236,133,4,2019-06-10,Average
1636,149,427,5,2018-04-04,Average
1637,474,732,3,2019-09-11,Average
1638,259,627,3,2020-02-28,Average
1639,329,279,3,2018-03-19,Good product
1640,152,923,3,2020-12-14,Good product
1641,388,827,3,2021-10-05,Worth the price
1642,3,566,4,2020-11-17,Good product
1643,333,839,2,2019-05-25,Good product
1644,139,790,4,2019-10-11,Not satisfied
1645,177,900,5,2019-08-21,Worth the price
1646,438,213,2,2020-10-23,Average
1647,267,248,4,2021-12-13,Worth the price
1648,101,961,1,2018-05-05,Good product
1649,353,736,4,2022-03-27,Good product
1650,34,496,5,2019-02-03,Good product
1651,228,824,3,2022-01-24,Average
1652,417,711,2,2018-10-23,Worth the price
1653,8,209,4,2020-10-07,Good product
1654,78,333,5,2019-10-06,Worth the price
1655,263,571,1,2022-09-15,Not satisfied
1656,20,39,1,2021-11-13,Good product
1657,416,421,3,2020-09-10,Good product
1658,480,960,1,2018-12-31,Worth the price
1659,435,110,5,2018-10-07,Worth the price
1660,127,606,4,2019-09-17,Worth the price
1661,311,44,3,2019-12-02,Worth the price
1662,34,199,3,2022-03-08,Not satisfied
1663,132,663,3,2022-01-18,Good product
1664,122,253,4,2018-11-21,Excellent
1665,33,243,1,2021-04-04,Not satisfied
1666,100,725,3,2022-09-13,Worth the price
1667,99,823,2,2021-03-21,Excellent
1668,2,537,1,2020-08-04,Average
1669,384,726,5,2022-01-18,Excellent
1670,262,630,3,2018-06-29,Excellent
1671,245,827,3,2022-12-28,Excellent
1672,471,929,1,2019-06-15,Excellent
1673,13,302,2,2022-05-17,Worth the price
1674,107,678,4,2018-10-11,Average
1675,167,537,4,2018-11-18,Good product
1676,71,823,4,2019-11-20,Average
1677,123,854,5,2020-06-12,Not satisfied
1678,430,417,3,2021-09-28,Worth the price
1679,67,956,5,2019-09-29,Average
1680,484,418,2,2022-10-24,Average
1681,442,838,2,2018-09-02,Good product
1682,402,844,1,2022-11-07,Average
1683,16,564,5,2018-11-30,Good product
1684,207,743,1,2019-05-01,Excellent
1685,467,336,3,2020-04-04,Good product
1686,157,609,1,2022-01-28,Average
1687,491,976,3,2022-01-17,Worth the price
1688,344,320,3,2022-12-30,Not satisfied
1689,441,633,1,2019-07-10,Not satisfied
1690,195,684,1,2019-02-04,Not satisfied
1691,421,896,3,2021-08-03,Worth the price
1692,475,303,4,2018-12-16,Not satisfied
1693,493,602,1,2020-02-28,Good product
1694,370,791,3,2019-12-28,Excellent
1695,128,863,1,2019-03-04,Average
1696,202,889,4,2021-04-11,Excellent
1697,479,935,5,2019-04-01,Not satisfied
1698,249,385,1,2018-08-03,Excellent
1699,348,722,2,2020-07-01,Excellent
1700,233,814,4,2019-04-28,Average
1701,329,103,4,2022-03-15,Average
1702,449,382,2,2021-11-08,Not satisfied
1703,232,202,2,2022-01-26,Worth the price
1704,453,840,1,2019-05-13,Not satisfied
1705,139,616,5,2018-09-27,Average
1706,387,507,5,2019-02-02,Average
1707,7,703,5,2022-02-07,Excellent
1708,121,111,2,2018-05-24,Not satisfied
1709,303,209,4,2019-11-10,Excellent
1710,333,85,1,2019-04-23,Excellent
1711,104,678,4,2018-11-27,Not satisfied
1712,289,469,5,2021-05-14,Worth the price
1713,101,77,1,2019-05-20,Not satisfied
1714,10,686,2,2018-06-11,Good product
1715,215,558,5,2018-05-13,Excellent
1716,307,866,3,2018-02-19,Good product
1717,51,735,5,2019-05-29,Average
1718,338,837,4,2022-12-07,Worth the price
1719,437,69,2,2018-07-26,Not satisfied
1720,489,394,1,2019-10-29,Average
1721,205,576,4,2021-05-31,Worth the price
1722,460,271,4,2022-11-07,Worth the price
1723,485,340,1,2022-07-09,Average
1724,195,610,5,2019-01-25,Excellent
1725,327,561,4,2021-07-13,Excellent
1726,358,152,4,2022-02-06,Not satisfied
1727,446,988,4,2020-10-31,Excellent
1728,202,53,3,2020-12-24,Not satisfied
1729,368,190,5,2019-04-03,Excellent
1730,443,86,1,2018-03-27,Not satisfied
1731,310,241,5,2022-02-23,Not satisfied
1732,407,676,3,2021-07-06,Average
1733,142,633,2,2019-12-21,Average
1734,261,383,2,2019-03-09,Good product
1735,161,200,1,2018-10-02,Excellent
1736,211,72,2,2021-01-25,Good product
1737,18,688,4,2020-08-08,Not satisfied
1738,362,643,4,2020-08-19,Not satisfied
1739,471,598,1,2021-04-25,Not satisfied
1740,487,521,3,2019-08-26,Good product
1741,308,687,3,2018-06-12,Average
1742,19,709,3,2020-12-02,Average
1743,272,894,5,2018-11-12,Excellent
1744,395,337,4,2018-07-18,Average
1745,19,777,5,2019-04-02,Excellent
1746,458,483,4,2019-02-24,Good product
1747,466,45,3,2022-12-23,Worth the price
1748,62,785,4,2018-11-16,Excellent
1749,134,365,3,2021-11-18,Worth the price
1750,168,611,3,2019-05-09,Worth the price
1751,453,816,2,2022-11-02,Good product
1752,495,502,2,2023-01-01,Good product
1753,12,8,4,2020-06-02,Excellent
1754,245,236,1,2019-04-09,Good product
1755,357,775,3,2018-08-24,Good product
1756,424,947,4,2019-05-11,Excellent
1757,472,269,1,2019-05-31,Excellent
1758,363,887,5,2022-06-14,Excellent
1759,305,754,1,2019-09-21,Not satisfied
1760,491,521,3,2018-04-17,Average
1761,83,450,2,2022-06-11,Worth the price
1762,430,132,4,2021-07-20,Good product
1763,307,109,1,2019-07-31,Average
1764,81,969,4,2018-06-24,Worth the price
1765,143,977,2,2021-03-19,Average
1766,162,731,5,2022-07-12,Good product
1767,361,651,3,2018-09-16,Excellent
1768,382,807,3,2018-11-29,Worth the price
1769,398,3,4,2021-02-02,Not satisfied
1770,137,784,1,2018-01-15,Not satisfied
1771,117,249,5,2019-10-26,Not satisfied
1772,443,86,3,2020-06-30,Good product
1773,5,123,5,2022-12-04,Not satisfied
1774,444,11,1,2021-04-20,Excellent
1775,43,687,3,2022-05-13,Worth the price
1776,37,528,2,2022-10-13,Good product
1777,109,213,4,2018-10-21,Not satisfied
1778,83,934,2,2022-06-18,Good product
1779,350,960,4,2022-02-22,Worth the price
1780,311,430,1,2018-05-10,Not satisfied
1781,246,30,5,2021-10-26,Not satisfied
1782,442,271,2,2018-04-15,Excellent
1783,494,577,5,2021-02-06,Not satisfied
1784,400,760,4,2022-01-04,Excellent
1785,22,961,4,2020-08-26,Not satisfied
1786,30,707,5,2018-07-21,Average
1787,456,840,1,2018-01-05,Good product
1788,129,662,3,2020-08-11,Not satisfied
1789,353,364,1,2018-05-16,Not satisfied
1790,298,458,1,2018-08-11,Excellent
1791,397,835,2,2022-04-29,Good product
1792,262,441,2,2021-01-16,Not satisfied
1793,99,772,5,2019-12-07,Excellent
1794,54,588,2,2018-09-19,Average
1795,373,875,4,2018-09-08,Average
1796,42,951,1,2019-12-26,Excellent
1797,372,203,4,2022-08-09,Good product
1798,41,50,2,2020-01-09,Good product
1799,123,109,5,2020-09-28,Good product
1800,165,301,1,2020-10-09,Worth the price
1801,178,489,4,2019-12-13,Average
1802,217,964,1,2018-10-08,Good product
1803,404,581,5,2019-12-28,Excellent
1804,144,840,3,2020-03-14,Not satisfied
1805,134,378,1,2018-07-30,Excellent
1806,301,84,5,2022-04-22,Worth the price
1807,303,386,2,2020-01-13,Excellent
1808,42,265,3,2022-03-15,Not satisfied
1809,414,917,5,2018-08-17,Not satisfied
1810,304,256,1,2020-10-15,Good product
1811,383,627,4,2018-01-19,Not satisfied
1812,466,568,3,2020-07-22,Good product
1813,67,185,5,2019-04-06,Good product
1814,497,784,3,2019-05-24,Excellent
1815,195,201,4,2019-01-03,Average
1816,445,52,3,2018-02-18,Excellent
1817,249,2,5,2022-01-20,Good product
1818,220,61,4,2020-07-08,Worth the price
1819,251,18,5,2020-12-02,Average
1820,452,357,5,2020-08-13,Average
1821,220,696,3,2021-11-13,Worth the price
1822,62,838,5,2021-09-15,Good product
1823,144,956,1,2018-09-01,Good product
1824,411,534,4,2018-06-25,Not satisfied
1825,399,628,1,2019-10-12,Excellent
1826,411,708,5,2019-08-06,Excellent
1827,297,833,2,2021-09-11,Excellent
1828,208,870,5,2019-01-09,Average
1829,422,595,3,2020-02-15,Average
1830,394,490,3,2020-05-02,Excellent
1831,244,241,5,2020-05-31,Not satisfied
1832,319,737,4,2019-04-03,Not satisfied
1833,447,822,3,2019-11-01,Worth the price
1834,52,178,4,2020-08-30,Average
1835,172,419,1,2022-02-01,Worth the price
1836,113,370,2,2020-01-17,Excellent
1837,373,157,2,2021-05-05,Not satisfied
1838,86,863,1,2018-04-04,Good product
1839,263,266,3,2021-10-05,Worth the price
1840,3,971,1,2020-11-13,Good product
1841,280,955,2,2021-07-20,Not satisfied
1842,73,949,5,2020-10-10,Not satisfied
1843,438,140,1,2020-09-05,Average
1844,362,27,1,2021-10-12,Not satisfied
1845,395,178,3,2022-04-28,Good product
1846,10,919,3,2018-11-05,Not satisfied
1847,205,211,4,2019-12-13,Worth the price
1848,132,277,3,2019-03-14,Not satisfied
1849,351,316,2,2019-11-27,Excellent
1850,463,335,5,2018-10-30,Average
1851,80,476,2,2018-05-15,Not satisfied
1852,454,960,4,2020-05-12,Good product
1853,310,292,4,2022-08-22,Excellent
1854,100,978,3,2020-01-08,Average
1855,260,102,4,2018-05-07,Average
1856,356,908,1,2019-01-24,Good product
1857,60,791,2,2020-09-22,Worth the price
1858,176,84,1,2021-12-16,Average
1859,495,980,4,2021-05-29,Good product
1860,300,975,1,2019-12-18,Excellent
1861,177,385,4,2020-03-24,Good product
1862,242,834,5,2021-03-26,Worth the price
1863,15,990,5,2020-04-27,Not satisfied
1864,498,224,5,2019-02-19,Not satisfied
1865,297,301,4,2020-09-21,Not satisfied
1866,440,849,3,2018-02-20,Worth the price
1867,424,895,1,2022-01-12,Average
1868,185,376,3,2018-02-23,Not satisfied
1869,432,563,3,2021-12-27,Excellent
1870,281,342,4,2020-01-09,Excellent
1871,53,708,1,2019-05-31,Average
1872,8,18,2,2019-01-05,Worth the price
1873,260,291,1,2018-04-16,Good product
1874,194,604,4,2021-07-01,Not satisfied
1875,365,402,3,2020-06-13,Worth the price
1876,364,176,4,2019-08-08,Average
1877,309,339,2,2018-08-31,Good product
1878,477,673,2,2020-09-28,Excellent
1879,84,231,1,2022-05-31,Good product
1880,470,403,2,2018-01-01,Not satisfied
1881,68,893,5,2018-04-16,Excellent
1882,394,29,1,2020-11-27,Not satisfied
1883,419,250,1,2021-04-27,Excellent
1884,395,15,5,2020-03-19,Average
1885,138,819,1,2019-07-02,Not satisfied
1886,121,50,1,2018-02-07,Good product
1887,432,876,4,2020-03-26,Excellent
1888,287,107,1,2022-06-13,Good product
1889,478,650,4,2022-11-12,Average
1890,465,732,2,2020-10-19,Average
1891,11,406,5,2018-12-12,Good product
1892,165,672,5,2022-02-05,Average
1893,368,496,1,2020-05-03,Excellent
1894,344,16,3,2022-04-23,Excellent
1895,178,528,2,2021-06-08,Average
1896,133,278,4,2021-01-12,Good product
1897,336,587,4,2020-10-25,Average
1898,319,274,3,2022-12-13,Not satisfied
1899,155,34,4,2019-10-31,Not satisfied
1900,451,672,1,2018-12-06,Worth the price
1901,18,972,4,2022-04-05,Good product
1902,58,466,1,2020-01-27,Good product
1903,56,535,1,2018-07-12,Worth the price
1904,385,674,1,2021-07-20,Average
1905,391,196,1,2022-10-31,Average
1906,55,483,2,2019-06-29,Good product
1907,22,196,3,2020-01-22,Good product
1908,264,627,5,2021-06-26,Excellent
1909,125,727,5,2019-06-15,Not satisfied
1910,61,850,2,2018-06-12,Average
1911,313,821,5,2022-02-18,Average
1912,404,807,4,2019-09-03,Average
1913,487,270,5,2022-01-19,Excellent
1914,479,531,3,2022-06-23,Not satisfied
1915,177,89,5,2019-04-27,Excellent
1916,261,488,5,2022-10-26,Worth the price
1917,338,924,1,2018-01-28,Average
1918,488,500,5,2020-08-30,Not satisfied
1919,386,899,1,2022-05-05,Good product
1920,118,813,5,2018-09-28,Excellent
1921,130,31,5,2020-07-11,Average
1922,238,434,4,2021-11-27,Good product
1923,69,412,5,2022-08-06,Not satisfied
1924,130,109,5,2021-10-23,Worth the price
1925,430,616,1,2019-02-18,Worth the price
1926,109,540,2,2021-12-01,Average
1927,31,263,5,2022-04-20,Average
1928,385,893,3,2022-08-06,Excellent
1929,193,650,3,2020-12-27,Excellent
1930,404,635,1,2020-01-16,Worth the price
1931,299,661,3,2019-02-01,Not satisfied
1932,156,793,2,2018-06-28,Average
1933,123,979,1,2022-04-11,Not satisfied
1934,2,244,2,2018-02-23,Worth the price
1935,306,867,4,2019-12-31,Average
1936,404,799,4,2018-03-05,Average
1937,287,725,2,2018-01-26,Average
1938,339,523,3,2019-03-24,Average
1939,461,655,3,2020-07-04,Not satisfied
1940,220,817,5,2021-06-25,Not satisfied
1941,417,498,5,2022-07-25,Good product
1942,123,555,4,2022-03-31,Good product
1943,39,373,1,2021-10-28,Not satisfied
1944,350,162,3,2020-08-27,Excellent
1945,95,567,5,2018-07-27,Worth the price
1946,192,755,1,2019-11-17,Good product
1947,413,799,2,2020-02-07,Average
1948,162,847,5,2019-05-26,Worth the price
1949,475,17,5,2019-06-23,Worth the price
1950,369,585,3,2019-05-29,Worth the price
1951,158,693,5,2020-12-12,Good product
1952,490,260,3,2019-10-15,Excellent
1953,231,241,3,2021-06-30,Good product
1954,402,332,4,2021-12-26,Worth the price
1955,350,14,5,2018-02-08,Worth the price
1956,29,639,2,2019-04-15,Good product
1957,352,67,5,2021-11-20,Average
1958,445,645,3,2021-03-19,Not satisfied
1959,486,102,3,2022-08-25,Excellent
1960,299,584,5,2022-12-16,Not satisfied
1961,125,763,4,2021-02-13,Average
1962,348,859,2,2018-01-19,Excellent
1963,24,405,4,2022-05-19,Good product
1964,46,996,1,2019-03-12,Worth the price
1965,270,628,4,2021-04-24,Good product
1966,340,922,3,2022-05-14,Average
1967,273,245,2,2019-09-25,Excellent
1968,405,107,1,2021-06-12,Good product
1969,79,929,1,2018-10-17,Excellent
1970,444,426,2,2019-08-21,Good product
1971,101,94,4,2022-04-12,Good product
1972,385,40,2,2021-06-23,Good product
1973,427,946,1,2020-06-26,Good product
1974,361,251,5,2018-04-13,Good product
1975,381,473,5,2022-08-27,Excellent
1976,6,708,5,2019-06-03,Average
1977,288,550,3,2021-08-01,Average
1978,97,606,4,2018-01-29,Good product
1979,484,36,2,2022-11-19,Not satisfied
1980,152,988,2,2020-09-22,Excellent
1981,258,213,1,2022-01-05,Not satisfied
1982,477,877,2,2021-04-18,Average
1983,437,641,5,2022-09-21,Good product
1984,134,405,1,2022-09-16,Average
1985,387,651,1,2022-12-07,Excellent
1986,462,155,2,2021-12-26,Not satisfied
1987,487,298,4,2022-12-28,Not satisfied
1988,479,608,1,2019-10-17,Good product
1989,416,389,1,2022-11-09,Worth the price
1990,337,325,2,2018-01-09,Excellent
1991,133,99,4,2020-09-06,Average
1992,493,346,1,2020-10-10,Excellent
1993,210,538,1,2018-09-02,Average
1994,414,432,1,2019-08-17,Average
1995,452,707,4,2020-02-12,Average
1996,14,499,5,2020-03-18,Excellent
1997,284,693,3,2019-12-29,Worth the price
1998,220,103,4,2021-07-14,Worth the price
1999,30,41,5,2022-05-12,Not satisfied
2000,52,594,2,2021-11-05,Average
